"commit", "8-bit exact", "16-bit exact", "32-bit exact", "64-bit exact"
"2a852e2", 1763546163.103637, 1734631880.474752, 2825301497.035854, 2789428241.977975
